"Save Autoresponder","Save Autoresponder"
"Delete Autoresponder","Delete Autoresponder"
"Save and Continue Edit","Save and Continue Edit"
Save,Save
"Save & Close","Save & Close"
"Edit Autoresponder '%1'","Edit Autoresponder '%1'"
"New Autoresponder","New Autoresponder"
Content,Content
Tags,Tags
"Tag this autoresponder with theses tags","Tag this autoresponder with theses tags"
Segment,Segment
"-- Any --","-- Any --"
"Store View","Store View"
"Previous Customers","Previous Customers"
No,No
Yes,Yes
"If this autoresponder should be sent to previous customers instead of current subscribers.","If this autoresponder should be sent to previous customers instead of current subscribers."
Status,Status
Active,Active
Inactive,Inactive
"Active From Date","Active From Date"
"Active To Date","Active To Date"
"Use Config","Use Config"
"Track Stats?","Track Stats?"
"If you want to track stats/conversions in this campaign","If you want to track stats/conversions in this campaign"
Auto-Login?,Auto-Login?
"If customers should be logged in automatically after opening a campaign link","If customers should be logged in automatically after opening a campaign link"
Cancellation,Cancellation
"Cancellation Triggers","Cancellation Triggers"
"When selected events occur, pending emails won't be sent.","When selected events occur, pending emails won't be sent."
Settings,Settings
"Please Select","Please Select"
Name,Name
Campaign,Campaign
"No links detected in selected campaign","No links detected in selected campaign"
Link,Link
"Number of Days","Number of Days"
"How many days before this event happens should the autoresponder be triggered","How many days before this event happens should the autoresponder be triggered"
Form,Form
Products,Products
"Send the Autoresponder only for this products. One SKU per line. [2] One/both of these fields is required","Send the Autoresponder only for this products. One SKU per line. [2] One/both of these fields is required"
"Product categories","Product categories"
"Product Categories","Product Categories"
"Send only if the product is in one of the selected categories. [2] One/both of these fields is required","Send only if the product is in one of the selected categories. [2] One/both of these fields is required"
"Magento Observers","Magento Observers"
"Product SKU","Product SKU"
"Go to Product Listing","Go to Product Listing"
"Previous Customer Group","Previous Customer Group"
"New Customer Group","New Customer Group"
"Customer Attribute","Customer Attribute"
"Fire When","Fire When"
"New value is not empty","New value is not empty"
"New value is not empty and old value was not empty","New value is not empty and old value was not empty"
"New value is not empty and old value was empty","New value is not empty and old value was empty"
"New value is empty","New value is empty"
"New value is empty and old value was not empty","New value is empty and old value was not empty"
"New value is empty and old value was empty","New value is empty and old value was empty"
"Apply Only Once?","Apply Only Once?"
"Every Time Occurs","Every Time Occurs"
"To the same subscriber","To the same subscriber"
"UTM Params","UTM Params"
"-- Select --","-- Select --"
"UTM Parameter","UTM Parameter"
Condition,Condition
"Is Present/Any Value","Is Present/Any Value"
Is,Is
"Starts With","Starts With"
"Ends With","Ends With"
Contains,Contains
"Does Not Contain","Does Not Contain"
Wildcard,Wildcard
"Value to Match","Value to Match"
"Separate Multiple Values with a comma , Leave empty to ignore. Wildcard example: some*text","Separate Multiple Values with a comma , Leave empty to ignore. Wildcard example: some*text"
"Match Payment Method","Match Payment Method"
"Match Shipping Method","Match Shipping Method"
"New Status","New Status"
"-- Ignore --","-- Ignore --"
"From Status","From Status"
"Max. Time","Max. Time"
"Do not send if more than X minutes have passed since the previous status was set. (use 0 or leave blank to ignore)","Do not send if more than X minutes have passed since the previous status was set. (use 0 or leave blank to ignore)"
"Search Value","Search Value"
"Separate multiple values with a comma ,","Separate multiple values with a comma ,"
"Query String Match","Query String Match"
Equal,Equal
"Autoresponder Information","Autoresponder Information"
Triggers,Triggers
Information,Information
Actions,Actions
Segmentation,Segmentation
ID,ID
Event,Event
"N. Sends","N. Sends"
Conversions,Conversions
"Conv. Amount","Conv. Amount"
"From Date","From Date"
"To Date","To Date"
View,View
Queue,Queue
Campaigns,Campaigns
"New Campaign","New Campaign"
Delete,Delete
"Follow Up","Follow Up"
"Cancel this campaign? This action cannot be undone","Cancel this campaign? This action cannot be undone"
Cancel,Cancel
"Pause campaign?","Pause campaign?"
Pause,Pause
"Resume campaign?","Resume campaign?"
Resume,Resume
Preview,Preview
"Start deploying the campaign now?","Start deploying the campaign now?"
"Save & Send","Save & Send"
Reports,Reports
"Duplicate & Save","Duplicate & Save"
"Edit Campaign '%1'","Edit Campaign '%1'"
Subject,Subject
"Sub. Name","Sub. Name"
"Sub. Email","Sub. Email"
Date,Date
"No campaigns have been sent yet.","No campaigns have been sent yet."
"Campaign Name","Campaign Name"
"Last Run","Last Run"
Sent,Sent
"U. Views","U. Views"
"U. Clicks","U. Clicks"
Detail,Detail
"Stand By","Stand By"
Running,Running
Finished,Finished
Conditions,Conditions
"Customer Segment Conditions","Customer Segment Conditions"
"External Content","External Content"
"URL Content","URL Content"
"Parse Template File","Parse Template File"
Email,Email
"Sub. First Name","Sub. First Name"
"Sub. Last Name","Sub. Last Name"
"Order Amount","Order Amount"
Order,Order
Customer,Customer
Subscriber,Subscriber
"Campaign Information","Campaign Information"
"Internal Name","Internal Name"
"This name will be used for better identifying the campaign. Is only used internally and won't be displayed to subscribers","This name will be used for better identifying the campaign. Is only used internally and won't be displayed to subscribers"
Sender,Sender
"The campaign sender. When subscribers receive a campaign, this is the 'From' value","The campaign sender. When subscribers receive a campaign, this is the 'From' value"
"The campaign email subject that will be sent to subscribers","The campaign email subject that will be sent to subscribers"
"Is this a Draft?","Is this a Draft?"
"Yes - Do not schedule or run this campaign","Yes - Do not schedule or run this campaign"
"No - Go ahead, proceed as expected","No - Go ahead, proceed as expected"
"The option to mark a campaign as draft will be removed once the campaign is queued","The option to mark a campaign as draft will be removed once the campaign is queued"
"Tag this campaign with these tags","Tag this campaign with these tags"
"Only send this campaign to subscribers that are in any of the selected segments above","Only send this campaign to subscribers that are in any of the selected segments above"
"-- Ignore Field --","-- Ignore Field --"
"Only send this campaign to subscribers that are in any of the selected Store Views above","Only send this campaign to subscribers that are in any of the selected Store Views above"
"If you want to track stats/conversions in this campaigns","If you want to track stats/conversions in this campaigns"
"If customers should be logged in automatically in your store when they click in a campaign link","If customers should be logged in automatically in your store when they click in a campaign link"
"Use From Message Template","Use From Message Template"
"Design Template","Design Template"
"Override the message template for this message.","Override the message template for this message."
"If this campaign should be sent to previous customers, instead of to current subscribers.","If this campaign should be sent to previous customers, instead of to current subscribers."
"Max Messages to Send","Max Messages to Send"
"The maximum number of emails to send for this campaign","The maximum number of emails to send for this campaign"
"Max Messages to Send Per Hour","Max Messages to Send Per Hour"
"If you don not want to send campaign messages ASAP, you can define how many messages can be sent per hour. Please note that customer send time will override this option. 0 for unlimited","If you don not want to send campaign messages ASAP, you can define how many messages can be sent per hour. Please note that customer send time will override this option. 0 for unlimited"
"Send At","Send At"
"Is Active?","Is Active?"
Url,Url
Clicks,Clicks
"Messages Queue","Messages Queue"
"Are you sure?","Are you sure?"
"Sending Options","Sending Options"
"This campaign has already run for %1 time(s)","This campaign has already run for %1 time(s)"
"Recurring Profile","Recurring Profile"
"Dynamic Deployment?","Dynamic Deployment?"
"Use this option if you want to maximize conversion rates. This will send messages at hours that users are most likely to view them. There is a span of up to 24 hours with this option enabled for message delivery","Use this option if you want to maximize conversion rates. This will send messages at hours that users are most likely to view them. There is a span of up to 24 hours with this option enabled for message delivery"
"Recurring Campaign?","Recurring Campaign?"
"Send Date","Send Date"
"Start queuing this message at the indicated time. Please note, a campaign will not be queued if the status is 'Draft'","Start queuing this message at the indicated time. Please note, a campaign will not be queued if the status is 'Draft'"
"In Which days?","In Which days?"
"Unique Recipient?","Unique Recipient?"
"Use this option if you do not want this campaign to be sent to the same recipient more than once. Tip: useful to use in conjunction with segments. That means, no matter how many times this recurring campaign runs, no subscriber will receive it twice.","Use this option if you do not want this campaign to be sent to the same recipient more than once. Tip: useful to use in conjunction with segments. That means, no matter how many times this recurring campaign runs, no subscriber will receive it twice."
"In Which day?","In Which day?"
"In which day?","In which day?"
"In which month?","In which month?"
"Run around","Run around"
"Please choose the start hour for this profile","Please choose the start hour for this profile"
"First Run","First Run"
"First time this campaign should run","First time this campaign should run"
"End Date","End Date"
"How long should this campaign run.","How long should this campaign run."
"Running times","Running times"
"""How many times should this campaign run. "" .","""How many times should this campaign run. "" ."
"Stop sending when","Stop sending when"
"We reach ""End Date"" AND ""Running Times""","We reach ""End Date"" AND ""Running Times"""
"We reach ""End Date""","We reach ""End Date"""
"We reach ""Running Times""","We reach ""Running Times"""
"We reach ""End Date"" OR ""Running Times""","We reach ""End Date"" OR ""Running Times"""
"Yes - Leave it alone","Yes - Leave it alone"
"No - Go ahead, proceed as usual","No - Go ahead, proceed as usual"
"The option to mark a campaign as draft will be removed when the campaign is queued","The option to mark a campaign as draft will be removed when the campaign is queued"
Message,Message
"The maximum number of SMS to send for this campaign","The maximum number of SMS to send for this campaign"
"Max Messages/Hour","Max Messages/Hour"
"Child Campaigns","Child Campaigns"
"Follow Ups Queue","Follow Ups Queue"
"Follow Ups Sent","Follow Ups Sent"
Links,Links
"""Messages Errors "" .","""Messages Errors "" ."
"Messages Archive","Messages Archive"
"Next Run","Next Run"
Recurring,Recurring
Queuing,Queuing
Coupons,Coupons
"Promotion Rule","Promotion Rule"
"Coupon Code","Coupon Code"
Used,Used
"Subscriber Email","Subscriber Email"
"Created at","Created at"
"Used at","Used at"
N/A,N/A
Errors,Errors
"Campaign Errors","Campaign Errors"
"Error Code","Error Code"
"Error Message","Error Message"
"Try Again","Try Again"
Events,Events
"Back to Autoresponders","Back to Autoresponders"
"View Campaigns","View Campaigns"
"Autoresponder Campaigns","Autoresponder Campaigns"
"View Queue","View Queue"
"Event Type","Event Type"
Template,Template
Recipient,Recipient
Views,Views
Error,Error
"Next Action","Next Action"
Autoresponder,Autoresponder
"Execute at","Execute at"
"Extra Fields","Extra Fields"
"New Extra Field","New Extra Field"
"Save Extra Field","Save Extra Field"
"Delete Extra Field","Delete Extra Field"
"Edit Extra Field '%1'","Edit Extra Field '%1'"
"Block Information","Block Information"
"General Information","General Information"
Type,Type
Text,Text
"Multiple Options","Multiple Options"
Number,Number
"Field Options","Field Options"
"One Per Line","One Per Line"
"Default Value","Default Value"
"Extra Fields Information","Extra Fields Information"
"Follow Ups","Follow Ups"
"Delete Followup","Delete Followup"
"Send Test A","Send Test A"
"Send Test B","Send Test B"
"Edit Followup '%1'","Edit Followup '%1'"
"New Followup","New Followup"
"the {{subject}} tag will be replaced by the original campaign subject","the {{subject}} tag will be replaced by the original campaign subject"
"Send to subscribers that...","Send to subscribers that..."
"Send after X days","Send after X days"
"After the campaign deployment date (' . . ')","After the campaign deployment date (' . . ')"
"Follow Up Information","Follow Up Information"
Goals,Goals
"Refresh Current Values","Refresh Current Values"
"Select Goal to Add","Select Goal to Add"
"Save Goal","Save Goal"
"Delete Goal","Delete Goal"
"Edit Goal '%1'","Edit Goal '%1'"
"New Goal","New Goal"
"Goal Type","Goal Type"
Variation,Variation
Description,Description
"Start Date","Start Date"
"Goals Information","Goals Information"
"Type Name","Type Name"
"Goal Name","Goal Name"
Goal,Goal
"Original Value","Original Value"
"Current Value","Current Value"
"Expected Value","Expected Value"
"Date Start","Date Start"
"Date End","Date End"
Result,Result
Accomplished,Accomplished
Failed,Failed
"Floating Windows","Floating Windows"
"Add Floating Window","Add Floating Window"
"'Save ' .","'Save ' ."
"'Delete ' .","'Delete ' ."
"Edit %1 '%1'","Edit %1 '%1'"
"New %1","New %1"
General,General
". ' Content'",". ' Content'"
" Identifier"," Identifier"
"You can use this field to insert multiple Inline Info Blocks in the same place. Just give them the same identifier","You can use this field to insert multiple Inline Info Blocks in the same place. Just give them the same identifier"
". "" Width""",". "" Width"""
". "" Height""",". "" Height"""
"Display To","Display To"
"Customers & Guests","Customers & Guests"
Customers,Customers
Guests,Guests
"Try to avoid Subscribers","Try to avoid Subscribers"
"Try to avoid displaying to a customer who is already a newsletter subscriber.","Try to avoid displaying to a customer who is already a newsletter subscriber."
"When to Display","When to Display"
"Show at most one time per session","Show at most one time per session"
"Possibly on every page view","Possibly on every page view"
"No more than once in lifetime","No more than once in lifetime"
"No more than once a week","No more than once a week"
"No more than once every two weeks","No more than once every two weeks"
"No more than once a month","No more than once a month"
Position,Position
Top,Top
Bottom,Bottom
"Top Left","Top Left"
"Top Center","Top Center"
"Top Right","Top Right"
"Center Left","Center Left"
Center,Center
"Center Right","Center Right"
"Bottom Left","Bottom Left"
"Bottom Center","Bottom Center"
"Bottom Right","Bottom Right"
"Display Effect","Display Effect"
"Fade In","Fade In"
"Fade In Down","Fade In Down"
"Fade In Left","Fade In Left"
"Fade In Right","Fade In Right"
"Fade In Up","Fade In Up"
"Slide In Down","Slide In Down"
"Slide In Left","Slide In Left"
"Slide In Right","Slide In Right"
"Slide In Up","Slide In Up"
TAAADAAA!!!!,TAAADAAA!!!!
Flash,Flash
lightSpeedIn,lightSpeedIn
"Display On...","Display On..."
"Desktop & Mobile","Desktop & Mobile"
"Desktop Only","Desktop Only"
"Mobile Only","Mobile Only"
"Segment Rule","Segment Rule"
"For Customers in ANY selected segments","For Customers in ANY selected segments"
"For Customers in ALL selected segments","For Customers in ALL selected segments"
"Exclude Customers who are in ALL selected segments","Exclude Customers who are in ALL selected segments"
"Exclude Customers who are in ANY selected segments","Exclude Customers who are in ANY selected segments"
"User Agent","User Agent"
"User Agent Filter","User Agent Filter"
"Contains the expression above (if any)","Contains the expression above (if any)"
"Does not contain the expression above (if any)","Does not contain the expression above (if any)"
"Settings for %1","Settings for %1"
"Background Layer Opacity","Background Layer Opacity"
"Between 0 and 1 (decimals allowed, 1 fully opaque. 0 fully transparent), How opaque should de background page look like when the modal is displayed (not the actual floating %1)","Between 0 and 1 (decimals allowed, 1 fully opaque. 0 fully transparent), How opaque should de background page look like when the modal is displayed (not the actual floating %1)"
"Background Layer Color","Background Layer Color"
"Background Color for the back layer when the %1 is displayed.","Background Color for the back layer when the %1 is displayed."
"Content Background Color","Content Background Color"
"Background Color for the window that holds the content you added in the General Tab","Background Color for the window that holds the content you added in the General Tab"
"Content Background Image","Content Background Image"
"Border Thickness","Border Thickness"
"Thickness of the Border for the Wrapping layer where the %1 is displayed.","Thickness of the Border for the Wrapping layer where the %1 is displayed."
"Border Radius","Border Radius"
"Border Radius of the Wrapping layer where the %1 is displayed.","Border Radius of the Wrapping layer where the %1 is displayed."
"Border Color","Border Color"
"Border Color for the Wrapping layer when the %1 is displayed.","Border Color for the Wrapping layer when the %1 is displayed."
"Allow Close","Allow Close"
"If set to 'No', customers won't be able to close the %1","If set to 'No', customers won't be able to close the %1"
"Show Close Button","Show Close Button"
"Show Close Button? hint: add a css class to an HTML element with the name ""panda-popup_close"" to close the %1 with a click on that element","Show Close Button? hint: add a css class to an HTML element with the name ""panda-popup_close"" to close the %1 with a click on that element"
"Display After Scroll %","Display After Scroll %"
"After what % of the scrolling bar is moved down we show the %1? (0 to ignore)","After what % of the scrolling bar is moved down we show the %1? (0 to ignore)"
"Display After X Seconds","Display After X Seconds"
"After how many seconds the Visitor enters the page, should the %1 be displayed?","After how many seconds the Visitor enters the page, should the %1 be displayed?"
"Additional CSS Styles","Additional CSS Styles"
"To be applied to the %1 wrapper","To be applied to the %1 wrapper"
"Form Information","Form Information"
"Go to Campaign","Go to Campaign"
"Go to Campaigns Listing","Go to Campaigns Listing"
"Report Information","Report Information"
"Report Countries","Report Countries"
"Report Regions","Report Regions"
"Report Dates","Report Dates"
"Report Applications","Report Applications"
"Report Links","Report Links"
"Report Conversions","Report Conversions"
Subscribers,Subscribers
<-Var.,<-Var.
Conv.,Conv.
Amt.,Amt.
Senders,Senders
"Add SMS Sender","Add SMS Sender"
"Add Email Sender","Add Email Sender"
"Save Sender","Save Sender"
"Delete Sender","Delete Sender"
"Test Sender","Test Sender"
"Edit Sender '%1'","Edit Sender '%1'"
"New Sender","New Sender"
"Use a email domain name associated with your SMTP server, otherwise your email will most likely be considered SPAM","Use a email domain name associated with your SMTP server, otherwise your email will most likely be considered SPAM"
"Reply To","Reply To"
"Server Information","Server Information"
"Server Address","Server Address"
Username,Username
Password,Password
Port,Port
Authentication,Authentication
SSL,SSL
"Message Headers","Message Headers"
"Bounces Configuration","Bounces Configuration"
"Bounce Email Reception","Bounce Email Reception"
Gateway,Gateway
"New SMS gateway services are added per request. Please open a support ticket if you need one not listed above","New SMS gateway services are added per request. Please open a support ticket if you need one not listed above"
"Sender Information","Sender Information"
"Sender Type","Sender Type"
"Email Sender","Email Sender"
"A/B Campaigns","A/B Campaigns"
"New A/B Campaign","New A/B Campaign"
"New A/B Campaign. Test &raquo;","New A/B Campaign. Test &raquo;"
"Save A/B Campaign","Save A/B Campaign"
"Delete A/B Campaign","Delete A/B Campaign"
"Edit A/B Campaign '%1'","Edit A/B Campaign '%1'"
"Subject A","Subject A"
"Sender A","Sender A"
"Subject B","Subject B"
"Sender B","Sender B"
"Send General Campaign after X days","Send General Campaign after X days"
"Percentage Emails Send Test","Percentage Emails Send Test"
"How to determine winner","How to determine winner"
"Tag this A/B campaign with these tags","Tag this A/B campaign with these tags"
"If this A/B campaign should be sent to previous customers instead of current subscribers","If this A/B campaign should be sent to previous customers instead of current subscribers"
"The maximum number of emails to send for this general campaign (test campaign not included)","The maximum number of emails to send for this general campaign (test campaign not included)"
"A/B Campaign Information","A/B Campaign Information"
"Testing Options","Testing Options"
"Test Send At","Test Send At"
"General Send At","General Send At"
"Views A","Views A"
"Views B","Views B"
"Clicks A","Clicks A"
"Clicks B","Clicks B"
"Conversions A ","Conversions A "
"Conversions B","Conversions B"
Winner,Winner
"New Subscriber","New Subscriber"
"Save Subscriber","Save Subscriber"
"Delete Subscriber","Delete Subscriber"
"Edit Subscriber '%1'","Edit Subscriber '%1'"
"Sender name","Sender name"
"Sender Email","Sender Email"
Code,Code
Cellphone,Cellphone
"Please use the format: countryCode-number. Eg: 1-555555555","Please use the format: countryCode-number. Eg: 1-555555555"
Subscribed,Subscribed
Unsubscribed,Unsubscribed
"Not Active","Not Active"
"Not Confirmed","Not Confirmed"
"First Name","First Name"
"Last Name","Last Name"
"Assign to Segments","Assign to Segments"
"Tag this subscriber with theses tags","Tag this subscriber with theses tags"
"Previous Customer","Previous Customer"
"If this subscriber should receive communications intended for previous customers","If this subscriber should receive communications intended for previous customers"
"Form Name","Form Name"
Entries,Entries
"Subscriber Information","Subscriber Information"
"Emails Sent","Emails Sent"
"SMS Sent","SMS Sent"
Forms,Forms
Bounces,Bounces
Unsubscribe,Unsubscribe
Subscribe,Subscribe
"Request Support","Request Support"
Support,Support
"Bug Report","Bug Report"
Request,Request
"Other Information","Other Information"
"Contact Reason","Contact Reason"
"Attach Debug Information","Attach Debug Information"
"Please be as descriptive as possible","Please be as descriptive as possible"
"Contact Support","Contact Support"
"Debug Information","Debug Information"
Import,Import
"Test Now","Test Now"
"Save Tag","Save Tag"
"Delete Tag","Delete Tag"
"Edit Tag '%1'","Edit Tag '%1'"
"New Tag","New Tag"
"Is Active","Is Active"
"Tags Information","Tags Information"
"Tag Name","Tag Name"
Templates,Templates
"New Message Template","New Message Template"
"Design Templates","Design Templates"
"Save Template","Save Template"
"Delete Template","Delete Template"
"Add Variation","Add Variation"
"Save and Send Test Emails","Save and Send Test Emails"
"Variation of ","Variation of "
"Edit Message Template '%1'","Edit Message Template '%1'"
"Send test Emails to","Send test Emails to"
"Only used when testing this template. Separate multiple emails with a comma","Only used when testing this template. Separate multiple emails with a comma"
"Only used when testing this template","Only used when testing this template"
"Can be changed when adding campaigns","Can be changed when adding campaigns"
Gender,Gender
Male,Male
Female,Female
"Not Specified","Not Specified"
Age,Age
"Template Information","Template Information"
"Template Variation","Template Variation"
"From Campaign","From Campaign"
Variations,Variations
"New Design Template","New Design Template"
"Message Templates","Message Templates"
"New Store View Variation","New Store View Variation"
"Edit Design Template '%1'","Edit Design Template '%1'"
"Send Test Emails to","Send Test Emails to"
"Template Styles","Template Styles"
"Please make sure you add the {MESSAGE} tag, so it can be replaced by the campaign message or the message template","Please make sure you add the {MESSAGE} tag, so it can be replaced by the campaign message or the message template"
"Store Views Variations","Store Views Variations"
URLs,URLs
"Visit time","Visit time"
"Attributes Removed. You can now uninstall the extension","Attributes Removed. You can now uninstall the extension"
"Something went wrong while removing attributes.","Something went wrong while removing attributes."
"You deleted the Autoresponder.","You deleted the Autoresponder."
"Something went wrong while deleting the Autoresponder.","Something went wrong while deleting the Autoresponder."
"We can't find an Autoresponder to delete.","We can't find an Autoresponder to delete."
"Sales Automation","Sales Automation"
"Manage Autoresponders","Manage Autoresponders"
"This Autoresponder no longer exists.","This Autoresponder no longer exists."
"Edit Autoresponder","Edit Autoresponder"
"New Autoresponder - %1","New Autoresponder - %1"
Autoresponders,Autoresponders
"You haven't added any Sender. You won't be able to create Autoresponders without Senders","You haven't added any Sender. You won't be able to create Autoresponders without Senders"
"You haven't added any Template. You won't be able to create Autoresponders without Templates","You haven't added any Template. You won't be able to create Autoresponders without Templates"
"Cannot load product with SKU %1","Cannot load product with SKU %1"
"Please select one/multiple categories or add Products SKU(s)","Please select one/multiple categories or add Products SKU(s)"
"You saved the Autoresponder.","You saved the Autoresponder."
"Something went wrong while saving the Autoresponder. Check the error log for more information.","Something went wrong while saving the Autoresponder. Check the error log for more information."
"The campaign has been canceled.","The campaign has been canceled."
"Something went wrong while cancelling the campaign.","Something went wrong while cancelling the campaign."
"Unable to find a campaign to cancel.","Unable to find a campaign to cancel."
"You deleted the Campaign.","You deleted the Campaign."
"Something went wrong while deleting the campaign.","Something went wrong while deleting the campaign."
"We can't find an campaign to delete.","We can't find an campaign to delete."
"You have duplicated the Campaign.","You have duplicated the Campaign."
"Something went wrong while duplicating the campaign.","Something went wrong while duplicating the campaign."
"We can't find an campaign to duplicate.","We can't find an campaign to duplicate."
"Manage Campaigns","Manage Campaigns"
"This Campaign no longer exists.","This Campaign no longer exists."
"This campaign is now closed. You can't modify it. Click on 'Duplicate & Save' to duplicate and edit it.","This campaign is now closed. You can't modify it. Click on 'Duplicate & Save' to duplicate and edit it."
"Edit Campaign","Edit Campaign"
"You haven't added any Sender. You won't be able to create campaigns without Senders","You haven't added any Sender. You won't be able to create campaigns without Senders"
"You haven't added any %1 Sender. You won't be able to create campaigns without %1 Senders","You haven't added any %1 Sender. You won't be able to create campaigns without %1 Senders"
"The campaign has been %1.","The campaign has been %1."
"Something went wrong while %1 the campaign.","Something went wrong while %1 the campaign."
"Unable to find a campaign to %1.","Unable to find a campaign to %1."
"Can't preview templates with widgets","Can't preview templates with widgets"
"Please select one or more messages.","Please select one or more messages."
"Total of %1 record(s) were deleted.","Total of %1 record(s) were deleted."
"Something went wrong while deleting the queue.","Something went wrong while deleting the queue."
"This campaign no longer exists.","This campaign no longer exists."
"Invalid date in Deploy At","Invalid date in Deploy At"
"Invalid date in Recurring","Invalid date in Recurring"
"Invalid URL","Invalid URL"
"Cannot fetch URL content","Cannot fetch URL content"
"Predicted Campaign Recipients: %1.","Predicted Campaign Recipients: %1."
"Please be advise: There are no recipients expected to receive this campaign.","Please be advise: There are no recipients expected to receive this campaign."
"'The campaign has been duplicated. You are now working on the duplicated one.' .","'The campaign has been duplicated. You are now working on the duplicated one.' ."
"The campaign has been saved.","The campaign has been saved."
"Something went wrong while saving the campaign. Check the error log for more information.","Something went wrong while saving the campaign. Check the error log for more information."
"Campaign deployment initiated...","Campaign deployment initiated..."
"Something went wrong while deploying the campaign.","Something went wrong while deploying the campaign."
"Unable to find a campaign to send.","Unable to find a campaign to send."
"Something went wrong while deleting the items.","Something went wrong while deleting the items."
"Please select one or more events.","Please select one or more events."
"Something went wrong while deleting the events.","Something went wrong while deleting the events."
Issues,Issues
Exceptions,Exceptions
"You deleted the Extra Field.","You deleted the Extra Field."
"Something went wrong while deleting the Extra Field.","Something went wrong while deleting the Extra Field."
"We can't find an Extra Field to delete.","We can't find an Extra Field to delete."
"Manage Extra Fields","Manage Extra Fields"
"This Extra Field no longer exists.","This Extra Field no longer exists."
"Edit Extra Field","Edit Extra Field"
"You saved the Extra Field.","You saved the Extra Field."
"Something went wrong while saving the Extra Field. Check the error log for more information.","Something went wrong while saving the Extra Field. Check the error log for more information."
"You deleted the Follow Up.","You deleted the Follow Up."
"Something went wrong while deleting the Follow Up.","Something went wrong while deleting the Follow Up."
"We can't find an Follow Up to delete.","We can't find an Follow Up to delete."
"Manage Follow Ups","Manage Follow Ups"
"This Followup no longer exists.","This Followup no longer exists."
"Edit Followup","Edit Followup"
"New Follow Up","New Follow Up"
"This Follow Up no longer exists.","This Follow Up no longer exists."
"Follow Up not found","Follow Up not found"
"You can't create Follow Ups for recurring campaigns. Follow Up is inactive.","You can't create Follow Ups for recurring campaigns. Follow Up is inactive."
"Predicted Campaign Recipients: %1.2","Predicted Campaign Recipients: %1.2"
"'You saved the Follow Up.' .","'You saved the Follow Up.' ."
"You deleted the Goal.","You deleted the Goal."
"Something went wrong while deleting the goal.","Something went wrong while deleting the goal."
"We can't find an Goal to delete.","We can't find an Goal to delete."
"Manage Goals","Manage Goals"
"This Goal no longer exists.","This Goal no longer exists."
"Edit Goal","Edit Goal"
"Goals current values Updated","Goals current values Updated"
"The start date cannot be earlier than today. Date changed","The start date cannot be earlier than today. Date changed"
"You saved the Goal.","You saved the Goal."
"Something went wrong while saving the goal. Check the error log for more information.","Something went wrong while saving the goal. Check the error log for more information."
"Cookie Code reseted.","Cookie Code reseted."
"Something went wrong while resetting the code from the %1","Something went wrong while resetting the code from the %1"
"We can't find an %1 to reset the code.","We can't find an %1 to reset the code."
". ' removed.'",". ' removed.'"
"Something went wrong while deleting the %1.","Something went wrong while deleting the %1."
"We can't find an %1 to delete.","We can't find an %1 to delete."
"Manage Floating Windows","Manage Floating Windows"
"This %1 no longer exists.","This %1 no longer exists."
"Edit %1","Edit %1"
"Display Windows","Display Windows"
"You saved the %1.","You saved the %1."
"Something went wrong while saving the %1. Check the error log for more information.","Something went wrong while saving the %1. Check the error log for more information."
"Campaign does not exist","Campaign does not exist"
"No messages have been sent yet from this campaign.","No messages have been sent yet from this campaign."
"Campaign Report for %1","Campaign Report for %1"
"You deleted the sender.","You deleted the sender."
"Something went wrong while deleting the Sender.","Something went wrong while deleting the Sender."
"We can't find a sender to delete.","We can't find a sender to delete."
"Manage Senders","Manage Senders"
"This subscriber no longer exists.","This subscriber no longer exists."
"Edit Sender","Edit Sender"
"This sender no longer exists.","This sender no longer exists."
"You saved the sender.","You saved the sender."
"Something went wrong while saving the Sender. Check the error log for more information.","Something went wrong while saving the Sender. Check the error log for more information."
"Senders synced","Senders synced"
"Something went wrong while syncing senders: %1","Something went wrong while syncing senders: %1"
"Something went wrong while testing the Sender.","Something went wrong while testing the Sender."
"We can't find a sender to test.","We can't find a sender to test."
"You deleted the A/B Campaign.","You deleted the A/B Campaign."
"Something went wrong while deleting the A/B Campaign.","Something went wrong while deleting the A/B Campaign."
"We can't find an A/B Campaign to delete.","We can't find an A/B Campaign to delete."
"Manage A/B Campaigns","Manage A/B Campaigns"
"This A/B Campaign no longer exists.","This A/B Campaign no longer exists."
"This A/B Campaign is running...","This A/B Campaign is running..."
"This A/B Campaign is closed...","This A/B Campaign is closed..."
"Edit A/B Campaign","Edit A/B Campaign"
"Invalid date in Deploy Field","Invalid date in Deploy Field"
"Your Send Date cannot be earlier than now.","Your Send Date cannot be earlier than now."
"Predicted Campaign Recipients: %1","Predicted Campaign Recipients: %1"
"'You saved the A/B Campaign.' .","'You saved the A/B Campaign.' ."
"Something went wrong while saving the A/B Campaign. Check the error log for more information.","Something went wrong while saving the A/B Campaign. Check the error log for more information."
"Invalid Version","Invalid Version"
"Unable to find A/B Campaign","Unable to find A/B Campaign"
"Unable to perform action. Please verify all requisites","Unable to perform action. Please verify all requisites"
"Something went wrong while sending the A/B Campaign.","Something went wrong while sending the A/B Campaign."
"You deleted the subscriber.","You deleted the subscriber."
"Something went wrong while deleting the Subscriber.","Something went wrong while deleting the Subscriber."
"We can't find an subscriber to delete.","We can't find an subscriber to delete."
"Manage Subscribers","Manage Subscribers"
"Subscriber Management has been disabled in Configuration","Subscriber Management has been disabled in Configuration"
"Edit Subscriber","Edit Subscriber"
"%1 Subscribers Imported.","%1 Subscribers Imported."
"A total of %1 record(s) have been deleted.","A total of %1 record(s) have been deleted."
"A total of %1 record(s) have been subscribed.","A total of %1 record(s) have been subscribed."
"A total of %1 record(s) have been unsubscribed.","A total of %1 record(s) have been unsubscribed."
"You saved the subscriber.","You saved the subscriber."
"Something went wrong while saving the Subscriber. Check the error log for more information","Something went wrong while saving the Subscriber. Check the error log for more information"
"Unable to send. Please send an email to support@greenflyingpanda.com","Unable to send. Please send an email to support@greenflyingpanda.com"
"Your request has been sent","Your request has been sent"
"Please insert a valid Email Address","Please insert a valid Email Address"
"Error Testing Your Settings: ","Error Testing Your Settings: "
"You deleted the Tag.","You deleted the Tag."
"Something went wrong while deleting the tag.","Something went wrong while deleting the tag."
"We can't find an Tag to delete.","We can't find an Tag to delete."
"Manage Tags","Manage Tags"
"This Tag no longer exists.","This Tag no longer exists."
"Edit Tag","Edit Tag"
"Tags current values Updated","Tags current values Updated"
"You saved the Tag.","You saved the Tag."
"Something went wrong while saving the tag. Check the error log for more information.","Something went wrong while saving the tag. Check the error log for more information."
"Message Template removed.","Message Template removed."
"Something went wrong while deleting the Message Template.","Something went wrong while deleting the Message Template."
"We can't find an Message Template to delete.","We can't find an Message Template to delete."
"Manage Message Templates","Manage Message Templates"
"This Message Template no longer exists.","This Message Template no longer exists."
"Edit Message Template","Edit Message Template"
"You saved the Message Template.","You saved the Message Template."
"Test Message Sent","Test Message Sent"
"Something went wrong while saving the Message Template. Check the error log for more information.","Something went wrong while saving the Message Template. Check the error log for more information."
"Design Template removed.","Design Template removed."
"Something went wrong while deleting the Design Template.","Something went wrong while deleting the Design Template."
"We can't find an Design Template to delete.","We can't find an Design Template to delete."
TemplatesGlobal,TemplatesGlobal
"Manage TemplatesGlobal","Manage TemplatesGlobal"
"This Template no longer exists.","This Template no longer exists."
"Edit Design Template","Edit Design Template"
"This Design Template no longer exists.","This Design Template no longer exists."
"Please insert the {MESSAGE} tag in the template","Please insert the {MESSAGE} tag in the template"
"You saved the Design Template.","You saved the Design Template."
"Something went wrong while saving the Design Template. Check the error log for more information.","Something went wrong while saving the Design Template. Check the error log for more information."
Urls,Urls
"Campaign Not Found","Campaign Not Found"
"There was a problem with the subscription.","There was a problem with the subscription."
"Something went wrong while saving your subscription.","Something went wrong while saving your subscription."
"We saved the subscription.","We saved the subscription."
"We removed the subscription.","We removed the subscription."
"There was a problem with the un-subscription.","There was a problem with the un-subscription."
"You have been unsubscribed.","You have been unsubscribed."
Campaign:,Campaign:
Sender:,Sender:
"Error Message:","Error Message:"
Date:,Date:
"Panda Marketing: Campaign Sending Issues","Panda Marketing: Campaign Sending Issues"
"-- Please Choose --","-- Please Choose --"
"Campaign - Open","Campaign - Open"
"This trigger will fire when a subscriber clicks on any link in a specific campaign he received.","This trigger will fire when a subscriber clicks on any link in a specific campaign he received."
"Campaign - Clicked Any Campaign Link","Campaign - Clicked Any Campaign Link"
"This trigger will fire when a subscriber clicks on any link in a campaign he received. Any campaign.","This trigger will fire when a subscriber clicks on any link in a campaign he received. Any campaign."
"Campaign - Clicked Specific Campaign Link","Campaign - Clicked Specific Campaign Link"
"This trigger will fire when a subscriber clicks on a specific link in a campaign he received.","This trigger will fire when a subscriber clicks on a specific link in a campaign he received."
"Search - New","Search - New"
"When a user makes a search","When a user makes a search"
"Review - New","Review - New"
"When a user makes a new review","When a user makes a new review"
"Review - Status Changes to Approved","Review - Status Changes to Approved"
"When the review status changes to approved","When the review status changes to approved"
"Review - On a Bought Product","Review - On a Bought Product"
"When the subscriber makes a review on a product he has purchased","When the subscriber makes a review on a product he has purchased"
"Product - Expected Lifespan Reached (X days before)","Product - Expected Lifespan Reached (X days before)"
"When the product consumption lifespan is approaching, this event will be fired X days before that happens (X is defined in the autoresponder details)","When the product consumption lifespan is approaching, this event will be fired X days before that happens (X is defined in the autoresponder details)"
"Shopping Cart - New Abandoned Cart Appears","Shopping Cart - New Abandoned Cart Appears"
"When a new abandoned cart appears","When a new abandoned cart appears"
"Customer - Signup","Customer - Signup"
"When a new account is created","When a new account is created"
"Customer - Login","Customer - Login"
"When the user logins to your store","When the user logins to your store"
"Customer - Last Activity","Customer - Last Activity"
"The last activity recorded for the customer in your store","The last activity recorded for the customer in your store"
"Customer - Birthday","Customer - Birthday"
"This trigger will fire X days before the customer birthday (X is defined in the autoresponder details)","This trigger will fire X days before the customer birthday (X is defined in the autoresponder details)"
"Customer - Group Changes","Customer - Group Changes"
"When the customer is moved to a new customer group","When the customer is moved to a new customer group"
"Customer - Attribute Value Changes","Customer - Attribute Value Changes"
"When the customer attribute changes","When the customer attribute changes"
"Shipment - Tracking Added To Shipment / New Ship. W/ Tracking)","Shipment - Tracking Added To Shipment / New Ship. W/ Tracking)"
"When a new track is added to an existing shipment, or a new shipment with tracking is added","When a new track is added to an existing shipment, or a new shipment with tracking is added"
"Shipment - New Shipment (NO tracking number)","Shipment - New Shipment (NO tracking number)"
"When a new shipment is registered with no track attached to it","When a new shipment is registered with no track attached to it"
"Order - New Order","Order - New Order"
"When a new order is made","When a new order is made"
"Order - Bought Specific Product","Order - Bought Specific Product"
"When the customer buys a specific product","When the customer buys a specific product"
"Forms - New Entry","Forms - New Entry"
"When a new entry is added to a form","When a new entry is added to a form"
"UTM Campaigns","UTM Campaigns"
"When a URL param originates from an external Marketing Campaign","When a URL param originates from an external Marketing Campaign"
"Magento - Internal Event","Magento - Internal Event"
"When one of Magento internal events is dispatched","When one of Magento internal events is dispatched"
"Order - Status Changes To ","Order - Status Changes To "
"'When the order status changes to ' .","'When the order status changes to ' ."
"Invalid date format","Invalid date format"
"Invalid date in From Date","Invalid date in From Date"
"Invalid date in To Date","Invalid date in To Date"
"The end date cannot be earlier than start date","The end date cannot be earlier than start date"
"The end date cannot be earlier than today","The end date cannot be earlier than today"
"Add to Segment","Add to Segment"
Edit,Edit
Add,Add
Notify,Notify
"Cannot send autoresponders SMS notifications. Sender Id:sender_id","Cannot send autoresponders SMS notifications. Sender Id:sender_id"
Daily,Daily
Weekly,Weekly
Monthly,Monthly
Yearly,Yearly
Sunday,Sunday
Monday,Monday
Tuesday,Tuesday
Wednesday,Wednesday
Thursday,Thursday
Friday,Friday
Saturday,Saturday
January,January
February,February
March,March
April,April
May,May
June,June
July,July
August,August
September,September
October,October
November,November
December,December
"Specific Day","Specific Day"
"On the %1 %2 of the month","On the %1 %2 of the month"
"On the last %1 of the month","On the last %1 of the month"
"Last Day of the Month ","Last Day of the Month "
"First Weekday of the Month ","First Weekday of the Month "
"Second Weekday of the Month ","Second Weekday of the Month "
"Last Weekday of the Month ","Last Weekday of the Month "
"Second to last Weekday of the Month ","Second to last Weekday of the Month "
"Dynamic Day","Dynamic Day"
"Didn't open the message","Didn't open the message"
"Opened the message","Opened the message"
"Didn't click the message","Didn't click the message"
"Clicked the message","Clicked the message"
"Didn't make a purchase (No Conversion)","Didn't make a purchase (No Conversion)"
"Made a purchase (Conversion)","Made a purchase (Conversion)"
"Conversions - Global","Conversions - Global"
"Conversions - Campaign","Conversions - Campaign"
"Views - Global","Views - Global"
"Views - Campaign","Views - Campaign"
"Clicks - Global","Clicks - Global"
"Clicks - Campaign","Clicks - Campaign"
"Subscribers - Global","Subscribers - Global"
"Subscribers - Segment","Subscribers - Segment"
"Forms - New Subscribers from Form","Forms - New Subscribers from Form"
"Forms - Total Entries in Form","Forms - Total Entries in Form"
"The original value is already greater than the expected value. Expected value: %1, current value: %2","The original value is already greater than the expected value. Expected value: %1, current value: %2"
"Conditions combination","Conditions combination"
"Cart Attribute","Cart Attribute"
"Store Information","Store Information"
"Current Customer Attribute","Current Customer Attribute"
"Current Product Attribute","Current Product Attribute"
"Customer Activity","Customer Activity"
"Current Relative URL (no /)","Current Relative URL (no /)"
"Current Pages Views","Current Pages Views"
"Current Store Section","Current Store Section"
"Current Referrer Url","Current Referrer Url"
"Current User Agent","Current User Agent"
"Current Day of the Week","Current Day of the Week"
"Current Hour of the Day","Current Hour of the Day"
"Current Geo-Location - Country Name","Current Geo-Location - Country Name"
"Current Geo-Location - Region Name","Current Geo-Location - Region Name"
"Current Geo-Location - Region Code","Current Geo-Location - Region Code"
"Current Product Price + Shopping Cart Subtotal","Current Product Price + Shopping Cart Subtotal"
"Current Product Weight + Shopping Cart Weight","Current Product Weight + Shopping Cart Weight"
"Shopping Cart Subtotal","Shopping Cart Subtotal"
"Shopping Cart Weight","Shopping Cart Weight"
"Magento - Registry keys exist (bool evaluation)","Magento - Registry keys exist (bool evaluation)"
Homepage,Homepage
Categories,Categories
"CMS Pages","CMS Pages"
"Checkout - Process","Checkout - Process"
"Checkout - Cart","Checkout - Cart"
"Search Results","Search Results"
"Wish List","Wish List"
"Account Address Book","Account Address Book"
"Account Reviews","Account Reviews"
"Account Edit","Account Edit"
"Account Order History","Account Order History"
"Current Product Type","Current Product Type"
"Current Product","Current Product"
"-- Please Select --","-- Please Select --"
"You cannot remove this sender since there are campaigns sent from this sender %1. Please delete those campaigns before removing the subscriber  ","You cannot remove this sender since there are campaigns sent from this sender %1. Please delete those campaigns before removing the subscriber  "
"Everything Seems To Be OK with your SMS Configuration!!!","Everything Seems To Be OK with your SMS Configuration!!!"
"An error occurred while trying to send your message. Check your sender authentication","An error occurred while trying to send your message. Check your sender authentication"
"Error Sending SMS. Please verify your auth data: ","Error Sending SMS. Please verify your auth data: "
"Internal Identifier","Internal Identifier"
"SMS TestNumber","SMS TestNumber"
"Use this field to test your settings after saving. Please use the format: countryCode-number. Eg: 1-555555555","Use this field to test your settings after saving. Please use the format: countryCode-number. Eg: 1-555555555"
"Campaign %1: %2 emails sent, %3 not sent","Campaign %1: %2 emails sent, %3 not sent"
"Message sent to %1","Message sent to %1"
"Everything Seems To Be OK with your SMTP Configuration!!!","Everything Seems To Be OK with your SMTP Configuration!!!"
"Error with SMTP Configuration (Server error): ","Error with SMTP Configuration (Server error): "
"Everything Seems To Be OK with your Bounces Configuration!!!","Everything Seems To Be OK with your Bounces Configuration!!!"
"Error Bounces Configuration: ","Error Bounces Configuration: "
"None (ignore username/password)","None (ignore username/password)"
Login,Login
Plain,Plain
CRAM-MD5,CRAM-MD5
"No SSL","No SSL"
"SSL TLS","SSL TLS"
Account,Account
Address,Address
Year,Year
Month,Month
"Sender + Subject + Message","Sender + Subject + Message"
"Sender + Subject","Sender + Subject"
"Sender + Message","Sender + Message"
"Subject + Message","Subject + Message"
Manually,Manually
"Cannot import subscriber %1","Cannot import subscriber %1"
"Last name","Last name"
"Birth Date","Birth Date"
"Conversions Number","Conversions Number"
"Conversions Amount","Conversions Amount"
"Could not save the subscribers: %1","Could not save the subscribers: %1"
"Subscribers with id ""%1"" does not exist.","Subscribers with id ""%1"" does not exist."
"Could not delete the Subscriber: %1","Could not delete the Subscriber: %1"
"Invalid Tag Type: %1","Invalid Tag Type: %1"
"'There is at least one Autoresponder Chain using this template. Please delete the Chain to continue.' .","'There is at least one Autoresponder Chain using this template. Please delete the Chain to continue.' ."
"You have %1 campaigns using this Global Template. ","You have %1 campaigns using this Global Template. "
"You have %1 autoresponders using this Global Template. ","You have %1 autoresponders using this Global Template. "
"You have %1 followups using this Global Template. ","You have %1 followups using this Global Template. "
"You have %1 A/B campaigns using this Global Template. ","You have %1 A/B campaigns using this Global Template. "
"You cannot remove this Global Template","You cannot remove this Global Template"
"Delete ""${ $.$data.name }""","Delete ""${ $.$data.name }"""
"Are you sure you wan't to delete the ""${ $.$data.name }"" autoresponder?","Are you sure you wan't to delete the ""${ $.$data.name }"" autoresponder?"
Duplicate,Duplicate
Send,Send
"Send ""${ $.$data.internal_name }""","Send ""${ $.$data.internal_name }"""
"Are you sure you wan't to send the ""${ $.$data.internal_name }"" campaign?","Are you sure you wan't to send the ""${ $.$data.internal_name }"" campaign?"
"Delete ""${ $.$data.internal_name }""","Delete ""${ $.$data.internal_name }"""
"Are you sure you wan't to delete the ""${ $.$data.internal_name }"" campaign?","Are you sure you wan't to delete the ""${ $.$data.internal_name }"" campaign?"
"Are you sure you wan't to delete the ""${ $.$data.internal_name }"" followup?","Are you sure you wan't to delete the ""${ $.$data.internal_name }"" followup?"
"Are you sure you wan't to delete the ""${ $.$data.name }"" goal?","Are you sure you wan't to delete the ""${ $.$data.name }"" goal?"
"Are you sure you wan't to delete the ""${ $.$data.name }"" Display Window?","Are you sure you wan't to delete the ""${ $.$data.name }"" Display Window?"
Test,Test
"Are you sure you wan't to delete the ""${ $.$data.internal_name }"" A/B campaign?","Are you sure you wan't to delete the ""${ $.$data.internal_name }"" A/B campaign?"
"Delete ""${ $.$data.email }""","Delete ""${ $.$data.email }"""
"Are you sure you wan't to delete the subscriber ""${ $.$data.email }""?","Are you sure you wan't to delete the subscriber ""${ $.$data.email }""?"
"Are you sure you wan't to delete the ""${ $.$data.name }"" tag?","Are you sure you wan't to delete the ""${ $.$data.name }"" tag?"
"Load template","Load template"
"You don't have any template","You don't have any template"
"Subscriber Id/Email","Subscriber Id/Email"
"Please wait...","Please wait..."
"Customer Coupons List","Customer Coupons List"
"Order ID","Order ID"
"Order Date","Order Date"
"Created At","Created At"
"Valid Until","Valid Until"
"Order Status","Order Status"
"No Data","No Data"
"Current rule values","Current rule values"
"Customer KPI's","Customer KPI's"
"This Customer is Loyal","This Customer is Loyal"
"This Customer has yet to become Loyal","This Customer has yet to become Loyal"
"Customer Segments","Customer Segments"
"Tags below will be replaced with real values when building the formula","Tags below will be replaced with real values when building the formula"
"These tags refer to each individual customer","These tags refer to each individual customer"
Variable,Variable
Value,Value
"Days Since Last Completed Order","Days Since Last Completed Order"
"Days Since First Completed Order","Days Since First Completed Order"
"Days Since Registration","Days Since Registration"
"Number of Reviews","Number of Reviews"
"Number of Orders","Number of Orders"
"Number of Completed Orders","Number of Completed Orders"
"Percentage of Completed Orders","Percentage of Completed Orders"
"Total Order Amount","Total Order Amount"
"Order Average","Order Average"
"Percentage Order Amount Compared with Global Average","Percentage Order Amount Compared with Global Average"
"Order Average in the Past 1 year","Order Average in the Past 1 year"
"Orders Total in the Past 1 year","Orders Total in the Past 1 year"
"Order Average before the Past 1 year","Order Average before the Past 1 year"
"Orders Total before the Past 1 year","Orders Total before the Past 1 year"
"Average of Days Between Orders","Average of Days Between Orders"
"Total Shipping Amount","Total Shipping Amount"
"Total Taxes Amount","Total Taxes Amount"
"Total Subtotal Amount","Total Subtotal Amount"
"Total Discount Amount","Total Discount Amount"
"Total Profit Amount","Total Profit Amount"
"Total Refunded Amount","Total Refunded Amount"
"Total Cost Amount","Total Cost Amount"
"Tags below will be replaced with real values when building formulas","Tags below will be replaced with real values when building formulas"
"These tags refer to global values or period, and NOT to individual customers","These tags refer to global values or period, and NOT to individual customers"
"Customer Retention Rate","Customer Retention Rate"
"Rate of Discount (Check the Extension Configuration)","Rate of Discount (Check the Extension Configuration)"
"Customer Lifespan (Check the Extension Configuration)","Customer Lifespan (Check the Extension Configuration)"
"Global Number of Orders","Global Number of Orders"
"Global Orders Average","Global Orders Average"
"Average Global Number of Orders","Average Global Number of Orders"
"Global Number of Completed Orders","Global Number of Completed Orders"
"Global Orders Amount","Global Orders Amount"
"Global Costs Amount","Global Costs Amount"
"Global Refunded Amount","Global Refunded Amount"
"Global Shipping Amount","Global Shipping Amount"
"Global Taxes Amount","Global Taxes Amount"
"Global Profit Amount","Global Profit Amount"
"Getting current period, previous periods and date ranges from formulas","Getting current period, previous periods and date ranges from formulas"
"<strong>n</strong> is not to be replaced with a value. Values to replace are the numbers","<strong>n</strong> is not to be replaced with a value. Values to replace are the numbers"
Formula,Formula
Returns,Returns
"Combined Orders Amount from All Orders","Combined Orders Amount from All Orders"
"Combined Orders Amount from current period (year or month)","Combined Orders Amount from current period (year or month)"
"Combined Orders Amount from previous period (year or month)","Combined Orders Amount from previous period (year or month)"
"Combined Orders Amount from previous periods before current minus 1 (year or month)","Combined Orders Amount from previous periods before current minus 1 (year or month)"
"Combined Orders Amount from previous after the specified (year or month)","Combined Orders Amount from previous after the specified (year or month)"
"Combined Orders Amount from the specified year (2017)","Combined Orders Amount from the specified year (2017)"
"Combined Orders Amount from years greater than the specified year (2017)","Combined Orders Amount from years greater than the specified year (2017)"
"Combined Orders Amount from years less than the specified year (2017)","Combined Orders Amount from years less than the specified year (2017)"
"Combined Orders Amount from the last 90 days","Combined Orders Amount from the last 90 days"
"Tags below will be replaced with real values when build the campaign","Tags below will be replaced with real values when build the campaign"
"New Shipment (with Tracking Number)","New Shipment (with Tracking Number)"
"Tracking Title","Tracking Title"
"Tracking Code","Tracking Code"
"Order ID/Increment Number","Order ID/Increment Number"
"Customer Name","Customer Name"
"Order Id","Order Id"
"Shipment Id","Shipment Id"
"New Order && Order Status Change && Specific Product","New Order && Order Status Change && Specific Product"
"Email Order Note","Email Order Note"
"Payment Details","Payment Details"
"Shipping Description","Shipping Description"
"Template Variables","Template Variables"
"Value for","Value for"
"Form Title","Form Title"
"Form Description","Form Description"
"Form Submit Button","Form Submit Button"
"Note: You can use {{element_X hide=""label,hint""}} to hide the form label and hint","Note: You can use {{element_X hide=""label,hint""}} to hide the form label and hint"
"Formulas Tester","Formulas Tester"
"Customer ID/Email","Customer ID/Email"
"Product Price","Product Price"
"Override Product Price","Override Product Price"
"KPIs for Customer","KPIs for Customer"
"Panda! Help Me!","Panda! Help Me!"
"Email Client","Email Client"
Browsers,Browsers
cities,cities
Countries,Countries
Days,Days
Hours,Hours
Metrics,Metrics
"Messages sent","Messages sent"
Unopens,Unopens
"Unique opens","Unique opens"
Opens,Opens
"Unique clickthroughs","Unique clickthroughs"
Clickthroughs,Clickthroughs
"Clickthroughs Rate","Clickthroughs Rate"
Opt-outs,Opt-outs
Engagement,Engagement
Outgoing,Outgoing
"Last 7 Days","Last 7 Days"
Today,Today
"Last 7-14 days","Last 7-14 days"
"Last 14-21 days","Last 14-21 days"
"Last 21-28 days","Last 21-28 days"
"Last 30 Days","Last 30 Days"
"Last 30-60 Days","Last 30-60 Days"
"Last 365 Days","Last 365 Days"
total,total
Clear,Clear
"Analise Term","Analise Term"
"Grid View","Grid View"
"Mass Actions","Mass Actions"
"Select All","Select All"
"Unselect All","Unselect All"
"Select Visible","Select Visible"
"Unselect Visible","Unselect Visible"
Newsletter,Newsletter
"Sign Up for Our Newsletter:","Sign Up for Our Newsletter:"
"Sign up for our newsletter","Sign up for our newsletter"
"Subscription option","Subscription option"
"General Subscription","General Subscription"
Product,Product
Qty,Qty
Price,Price
Subtotal,Subtotal
"Restore my Cart!","Restore my Cart!"
Expired!,Expired!
"Add to Cart","Add to Cart"
"In stock","In stock"
"Out of stock","Out of stock"
System,System
"Green Flying Panda","Green Flying Panda"
"Account Details","Account Details"
Geo,Geo
"Use ip-api.com GEO service","Use ip-api.com GEO service"
"http://ip-api.com API Key","http://ip-api.com API Key"
"Green Flying Panda is not affiliated with the website above. New services can be added per request","Green Flying Panda is not affiliated with the website above. New services can be added per request"
"Ajax Calls","Ajax Calls"
"Delay load Ajax Calls","Delay load Ajax Calls"
"Enable Subscriber Management","Enable Subscriber Management"
"If disabled, the extension will not manage newsletter subscriptions. Core functionality will continue to work. Web API will continue to work","If disabled, the extension will not manage newsletter subscriptions. Core functionality will continue to work. Web API will continue to work"
"Queue Number per cycle","Queue Number per cycle"
"Number of email messages to queue on every cron call. Must be greater than 300","Number of email messages to queue on every cron call. Must be greater than 300"
"Messages to send per cycle","Messages to send per cycle"
"The number of email messages to send on every cron call. Must be greater than 100. This number should be around 500, but it depends on the speed of your SMTP server","The number of email messages to send on every cron call. Must be greater than 100. This number should be around 500, but it depends on the speed of your SMTP server"
"Number of days to keep campaign reports","Number of days to keep campaign reports"
"The number of days to keep campaign reports (clicks, views). Must be greater than 0","The number of days to keep campaign reports (clicks, views). Must be greater than 0"
"Import Existing Customers","Import Existing Customers"
"If the extension should import existing customers, no matter if they subscribe to the newsletter","If the extension should import existing customers, no matter if they subscribe to the newsletter"
"Track campaigns","Track campaigns"
"If the extension should track opens, clicks, conversions and other stats. Can be changed per campaign","If the extension should track opens, clicks, conversions and other stats. Can be changed per campaign"
"Expected Reorder Time Attribute","Expected Reorder Time Attribute"
"The product attribute that defines the expected product end-of-life after order","The product attribute that defines the expected product end-of-life after order"
"Cellphone Attribute","Cellphone Attribute"
"The customer attribute that holds the cellphone","The customer attribute that holds the cellphone"
"Abandoned Cart Timeout","Abandoned Cart Timeout"
"After how many minutes a shopping cart should be considered abandoned","After how many minutes a shopping cart should be considered abandoned"
"Subscribe New Customers","Subscribe New Customers"
"Automatically add new customers as subscribers","Automatically add new customers as subscribers"
"Hours Between Emails to the same Subscriber","Hours Between Emails to the same Subscriber"
"The number of hours were the system can't send more than one email to the same subscriber. 0 to ignore.","The number of hours were the system can't send more than one email to the same subscriber. 0 to ignore."
"Predict number of recipients","Predict number of recipients"
"A message with the predicted number of recipients will be shown when you save Campaigns, Followups and A/B Campaigns","A message with the predicted number of recipients will be shown when you save Campaigns, Followups and A/B Campaigns"
"Send Campaigns Error Alerts","Send Campaigns Error Alerts"
"If the extension is unable to send the messages, we will notify you to this email(s).","If the extension is unable to send the messages, we will notify you to this email(s)."
"Design Template Fallback","Design Template Fallback"
"The fallback template when the specified one in the campaign does not exist or is disabled","The fallback template when the specified one in the campaign does not exist or is disabled"
"Google Maps API","Google Maps API"
"We use google maps to render campaigns reports. You need an Google API for that. Please get one free from Google here: https://developers.google.com/maps/documentation/javascript/get-api-key","We use google maps to render campaigns reports. You need an Google API for that. Please get one free from Google here: https://developers.google.com/maps/documentation/javascript/get-api-key"
"Email Sender for internal emails","Email Sender for internal emails"
"Such as bug reports, notifications, etc. These emails are NOT sent to your customers.","Such as bug reports, notifications, etc. These emails are NOT sent to your customers."
"Send Transactional Emails using this service","Send Transactional Emails using this service"
"Emails like: new order, new comment, contact form, etc. No tracking is available to these emails","Emails like: new order, new comment, contact form, etc. No tracking is available to these emails"
"Send test Email to","Send test Email to"
"Import Current Magento Newsletter Subscribers","Import Current Magento Newsletter Subscribers"
"Conversions Average","Conversions Average"
"New SMS Campaign","New SMS Campaign"
"New Email Campaign","New Email Campaign"
SMS,SMS
Draft,Draft
Paused,Paused
Canceled,Canceled
"T. Msgs","T. Msgs"
"Conv. Number","Conv. Number"
"Conv. Average","Conv. Average"
File,File
Line,Line
Trace,Trace
Closed,Closed
Action,Action
Modal,Modal
Floating,Floating
Sitebar,Sitebar
"Inline Info Block","Inline Info Block"
Displays,Displays
"GeneralSend At","GeneralSend At"
"Views A | B","Views A | B"
"Clicks A | B","Clicks A | B"
"Conversions A | B","Conversions A | B"
"View Campaign","View Campaign"
"Are you sure you want to unsubscribe selected items?","Are you sure you want to unsubscribe selected items?"
"Are you sure you want to subscribe selected items?","Are you sure you want to subscribe selected items?"
"Delete items","Delete items"
"Are you sure you want to delete selected items?","Are you sure you want to delete selected items?"
"Add Date","Add Date"
"Unsubscription Date","Unsubscription Date"
"Date of Birth","Date of Birth"
Unconfirmed,Unconfirmed
"Acquisition Form","Acquisition Form"
